author,title,description,url,urlToImage,publishedAt,content,id,name,search_date
,[Removed],[Removed],https://removed.com,,2024-10-17T19:35:08Z,[Removed],,[Removed],2024-10-20 14:44:15.540950
Todd Feathers,FBI Arrests Man Who Searched ‘How Can I Know for Sure If I Am Being Investigated by the FBI’,Eric Counsel Jr. is accused of helping to hack the U.S. Securities and Exchange Commission's X account in order to post false information about Bitcoin.,https://gizmodo.com/fbi-arrests-man-who-searched-how-can-i-know-for-sure-if-i-am-being-investigated-by-the-fbi-2000513216,https://gizmodo.com/app/uploads/2024/10/sec-bitcoin-hack-arrest.jpg,2024-10-17T21:10:49Z,The FBI has arrested an Alabama man who allegedly hacked the U.S. Securities and Exchange Commission’s X (formerly Twitter) account in order to post erroneous information about Bitcoin that briefly d… [+2369 chars],,Gizmodo.com,2024-10-20 14:44:15.540950
Lucas Ropek,Guy Who Threw Away $500 Million Bitcoin Hard Drive Sues Local Government to Search Dump,What do you do when you've thrown half a billion dollars worth of crypto in the trash?,https://gizmodo.com/guy-who-threw-away-500-million-bitcoin-hard-drive-sues-local-government-to-search-dump-2000512846,https://gizmodo.com/app/uploads/2024/10/A-landfill-in-Newport-Wales.jpg,2024-10-17T12:35:08Z,"For the past decade, a Welsh man has been begging his city government for permission to peruse the contents of the local dump. 39-year-old Newport resident James Howells has been desperately asking t… [+3029 chars]",,Gizmodo.com,2024-10-20 14:44:15.540950
"abharade@insider.com (Aditi Bharade,Kwan Wei Kevin Tan)","Trump flip-flopped on crypto, but his PAC has raked in millions of dollars of crypto donations since June",The former president has positioned himself as the pro-crypto candidate this election cycle. But he hasn't always had nice things to say about crypto.,https://www.businessinsider.com/trump-pac-raised-millions-crypto-donations-since-june-2024-10,https://i.insider.com/670f5459a70318649282ad0f?width=1200&format=jpeg,2024-10-16T09:44:31Z,"A political action committee called Trump 47 has raised $7.5 million in cryptocurrency donations for former President Donald Trump's White House bid.
According to Federal Election Commission filings… [+3227 chars]",business-insider,Business Insider,2024-10-20 14:44:15.540950
msmash,Hacker Arrested For the Fake SEC Tweet That Caused a Bitcoin Price Spike,The FBI has arrested an Alabama man who is accused of hacking the Securities and Exchange Commission's X account in January. From a report: The indictment alleges that 25-year-old Eric Council Jr. worked with co-conspirators to take control of the account and…,https://news.slashdot.org/story/24/10/17/2044230/hacker-arrested-for-the-fake-sec-tweet-that-caused-a-bitcoin-price-spike,https://a.fsdn.com/sd/topics/news_64.png,2024-10-17T22:10:00Z,The indictment alleges that 25-year-old Eric Council Jr. worked with co-conspirators to take control of the account and post a fake message from SEC Chair Gary Gensler about Bitcoin ETFs that caused … [+534 chars],,Slashdot.org,2024-10-20 14:44:15.540950
Dan DeFrancesco,An incoming 'M&A supercycle' wouldn't just be a win for dealmakers,"Goldman Sachs' earnings hint at the revival of the M&A market, which could help companies big and small.",https://www.businessinsider.com/goldman-sachs-earnings-dealmaking-benefit-economy-2024-10,https://i.insider.com/670fa446a70318649282b2f4?width=1000&format=jpeg,2024-10-16T11:33:31Z,"Illustration by Budrul Chukrut/SOPA Images/LightRocket via Getty Images
<ul><li>This post originally appeared in the Insider Today newsletter.</li><li>You can sign up for Business Insider's daily ne… [+7079 chars]",business-insider,Business Insider,2024-10-20 14:44:15.540950
Dan DeFrancesco,Taylor Swift is flexing her economic muscles again with the return of her tour and a new book,Taylor Swift's upcoming self-published challenges business norm. But her tour's return raises concerns about mega-events' impact on economic recovery.,https://www.businessinsider.com/taylor-swift-self-publishing-eras-tour-book-disrupting-industry-again-2024-10,https://i.insider.com/67123d4ea0a0cc14f221eeb9?width=1200&format=jpeg,2024-10-18T13:04:14Z,"Taylor Swift performing on stage at Wembley Stadium for the London leg of ""The Eras Tour.""Kate Green/Getty Images
<ul><li>This post originally appeared in the Insider Today newsletter.how</li><li>Yo… [+7453 chars]",business-insider,Business Insider,2024-10-20 14:44:15.540950
Lindsay Lee Wallace,Fanatical: The Catfishing of Tegan and Sara Is a Timely Study of Stan and Scam Culture,'Fanatical' documents a catfishing scam that haunted Tegan and Sara for more than a decade.,https://time.com/7094523/tegan-and-sara-catfishing-documentary/,https://api.time.com/wp-content/uploads/2024/10/173863_0003_tegan-and-sarah.jpg?quality=85&w=1200&h=628&crop=1,2024-10-18T18:42:34Z,"In the mid-2000s, fans of the queer indie-pop band Tegan and Sara began receiving messages and emails from Tegan Quin, one half of the twin-sister duo. 
While most people today would immediately dis… [+10284 chars]",time,Time,2024-10-20 14:44:15.540950
Javier Marquez,El británico que perdió millones en bitcoins al tirar su disco duro no se da por vencido: ahora ha demandado al ayuntamiento,"James Howells, un ingeniero informático que vive en la ciudad de Newport, Gales, lleva años asegurando que en 2013 tiró a la basura un disco duro con alrededor de 8.000 bitcoins, los cuales había conseguido minar en su casa poco después de que la criptomoneda…",https://www.xataka.com/criptomonedas/britanico-que-perdio-millones-bitcoins-al-tirar-su-disco-duro-no-se-da-vencido-ahora-ha-demandado-al-ayuntamiento,https://i.blogs.es/29b07c/vertedero-bitcoin-portada/840_560.jpeg,2024-10-15T22:33:00Z,"James Howells, un ingeniero informático que vive en la ciudad de Newport, Gales, lleva años asegurando que en 2013 tiró a la basura un disco duro con alrededor de 8.000 bitcoins, los cuales había con… [+3141 chars]",,Xataka.com,2024-10-20 14:44:15.540950
Susan B. Glasser,How Republican Billionaires Learned to Love Trump Again,"The former President has successfully won over wealthy figures including Elon Musk, Nelson Peltz, Steve Wynn, Miriam Adelson, José (Pepe) Fanjul, Stephen Schwarzman, Timothy Mellon, and David Sacks. Susan Glasser reports.",https://www.newyorker.com/magazine/2024/10/28/how-republican-billionaires-learned-to-love-trump-again,"https://media.newyorker.com/photos/670edd65cc86526c297a48b0/16:9/w_1280,c_limit/r45135.jpg",2024-10-18T10:00:00Z,"The reason is structural: Democrats have retained an advantage in small online donations, while Republicans rely on a higher percentage of large contributions. As of late September, sixty-eight per c… [+11787 chars]",,The New Yorker,2024-10-20 14:44:15.540950
,EmailBTC – A new way to send and receive Bitcoin using only email addresses,"No seed phrases. No KYC. No recipient EmailBTC account needed. Just seamless, non-custodial, open-source simplicity. Send to friends who've never touched crypto with just their email address.",https://emailbtc.net,https://emailbtc.net/og-image.jpg,2024-10-18T10:54:50Z,"Ready for truly simple, secure Bitcoin transactions? Enjoy email-based transfers, bulletproof security, and complete privacy. No seed phrases, no complex setupsjust seamless, non-custodial Bitcoin ma… [+89 chars]",,Emailbtc.net,2024-10-20 14:44:15.540950
Frank Schräer,Erste Verhaftung nach Bitcoin-Kursmanipulation durch gefälschten SEC-Tweet,"Ein Mann aus Alabama hätte bei der Übernahme des X-Accounts der SEC geholfen. Seine Kumpanen setzten eine Falschmeldung ab, um den Bitcoin-Kurs zu manipulieren.",https://www.heise.de/news/Erste-Verhaftung-nach-Bitcoin-Kursmanipulation-durch-gefaelschten-SEC-Tweet-9985460.html,https://heise.cloudimg.io/bound/1200x1200/q85.png-lossy-85.webp-lossy-85.foil1/_www-heise-de_/imgs/18/4/6/9/1/4/6/2/shutterstock_1916262404-b7c59be85e1ebe55.jpg,2024-10-18T02:31:00Z,"Inhaltsverzeichnis
Der gefälschte Tweet vom Account der US-Börsenaufsicht SEC, der Anfang 2024 für einen Kurssprung des Bitcoins gesorgt hatte, hat jetzt zu einer ersten Verhaftung geführt. Der 25-j… [+3642 chars]",,heise online,2024-10-20 14:44:15.540950
Frank Schräer,"Freitag: Festnahme nach falschem Bitcoin-Tweet, Googles Eile wegen Play-Auflagen",Kursmanipulation nach SIM-Swapping + Google gegen Wettbewerbsauflagen + Amazon fördert Atomkraft + Verordnung gegen Cookie-Banner-Flut + KI für Arbeitsagentur,https://www.heise.de/news/Freitag-Festnahme-nach-falschem-Bitcoin-Tweet-Googles-Eile-wegen-Play-Auflagen-9985488.html,https://heise.cloudimg.io/bound/1200x1200/q85.png-lossy-85.webp-lossy-85.foil1/_www-heise-de_/imgs/18/4/6/9/1/4/7/6/friday-c6a39647e6904344.webp,2024-10-18T04:15:00Z,"Ein Mann aus Alabama hätte bei der Übernahme des X-Accounts der US-Börsenaufsicht geholfen, sagen das FBI und das US-Justizministerium. Er habe die Zugangsdaten besorgt und seine Kumpanen setzten ein… [+4353 chars]",,heise online,2024-10-20 14:44:15.540950
Connor Jones,Alleged Bitcoin crook faces 5 years after SEC's X account pwned,"SIM swappers strike again, warping cryptocurrency prices
An Alabama man faces five years in prison for allegedly attempting to manipulate the price of Bitcoin by pwning the US Securities and Exchange Commission's X account earlier this year.…",https://www.theregister.com/2024/10/18/sec_bitcoin_arrest/,https://regmedia.co.uk/2024/03/04/bitcoin_shutterstock.jpg,2024-10-18T12:30:09Z,"An Alabama man faces five years in prison for allegedly attempting to manipulate the price of Bitcoin by pwning the US Securities and Exchange Commission's X account earlier this year.
The feds arre… [+3651 chars]",,Theregister.com,2024-10-20 14:44:15.540950
Jean-Yves Alric,Pourquoi le lancement du mystérieux projet crypto de Donald Trump est catastrophique ?,Un départ très décevant pour l’ancien président américain.,https://www.presse-citron.net/pourquoi-le-lancement-du-mysterieux-projet-crypto-de-donald-trump-est-catastrophique/,https://www.presse-citron.net/app/uploads/2024/08/Donald-Trump-finances.jpg,2024-10-18T10:56:34Z,"Vidéos promotionnelles, livestreaming, Donald Trump na pas ménagé ses efforts pour vendre son nouveau projet baptisé World Liberty Financial. Derrière ce nom quelque peu ronflant se cache un jeton de… [+2471 chars]",,Presse-citron,2024-10-20 14:44:15.540950
ZEIT ONLINE: Digital - Jakob von Lindern,Atomkraft für KI: Ist KI wirklich so wichtig?,"Techkonzerne rufen ein neues Atomzeitalter aus, weil künstliche Intelligenz so viel Energie verbraucht. Ob sich der Aufwand lohnt, muss KI erst noch beweisen.",https://www.zeit.de/digital/2024-10/atomkraft-google-tech-newsletter-kuenstliche-intelligenz,https://img.zeit.de/digital/2024-10/atomkraft-google-newsletter-kuenstliche-intelligenz/wide__1300x731,2024-10-17T15:33:13Z,"Sie lesen den KI-Newsletter ""Natürlich intelligent"" vom 17. Oktober 2024. Um den Newsletter jeden zweiten Donnerstag per Mail zu erhalten, melden Sie sich hier an.
Wenn junge Menschen in den Komment… [+7581 chars]",die-zeit,Die Zeit,2024-10-20 14:44:15.540950
Laura Sacristán,Lo último de Telefónica es un monedero de criptomonedas. Y ya puedes probarlo gratis en tu móvil,"Aunque Telefónica la lanzó hace años como una tienda online para compensar la huella de carbono generada al comprar un dispositivo electrónico, Tu.com acabó convertida en una plataforma que engloba los productos y servicios tecnológicos de Telefónica Innovaci…",https://www.xatakamovil.com/movistar/ultimo-telefonica-monedero-criptomonedas-puedes-probarlo-gratis-tu-movil,https://i.blogs.es/e544e5/tu-wallet-02/840_560.jpeg,2024-10-18T10:33:38Z,"Aunque Telefónica la lanzó hace años como una tienda online para compensar la huella de carbono generada al comprar un dispositivo electrónico, Tu.com acabó convertida en una plataforma que engloba l… [+1998 chars]",,Xatakamovil.com,2024-10-20 14:44:15.540950
,Alleged Bitcoin hacker Googled 'signs the FBI is after you',A man from Georgia is alleged to be part of a group which hacked the US regulator's X account.,https://www.bbc.com/news/articles/c20pvkg35xyo,https://ichef.bbci.co.uk/news/1024/branded_news/cf48/live/dd8f0280-8d28-11ef-bee0-39b1bce7fdf1.jpg,2024-10-18T10:08:10Z,"""What are some signs the FBI is after you"" is one of the alleged hacker's searches, according to court documents
A man arrested in connection with a hack of the US markets regulator's X account sear… [+2466 chars]",,BBC News,2024-10-20 14:44:15.540950
Vinamrata Chaturvedi,"Bitcoin surges as investor interest in ETFs grows, eyeing $70k milestone","Bitcoin is on an upward trajectory. Its price is hovering around $68,000, reflecting a 9.5% increase over the past week and a 2.8% rise in just one day. The surge in the leading cryptocurrency is being driven by a wave of investor interest in U.S. spot bitcoi…",https://qz.com/spot-bitcoin-etfs-see-over-555-million-in-inflows-in-a-1851673718,"https://i.kinja-img.com/image/upload/c_fill,h_675,pg_1,q_80,w_1200/413cc655995e31ed2425c65181b698fb.jpg",2024-10-16T14:16:54Z,"In This Story
Bitcoin is on an upward trajectory. Its price is hovering around $68,000, reflecting a 9.5% increase over the past week and a 2.8% rise in just one day. The surge in the leading crypto… [+1471 chars]",,Quartz India,2024-10-20 14:44:15.540950
Rocio Fabbro,The FBI arrested the man it says hacked the SEC's Twitter and sent bitcoin soaring,The FBI arrested the man it believes hacked and posted from the Securities and Exchange Commission’s X (formerly Twitter) account in January and sent the price of bitcoin soaring.Read more...,https://qz.com/bitcoin-fbi-arrest-sec-twitter-x-hack-sim-swap-1851675349,"https://i.kinja-img.com/image/upload/c_fill,h_675,pg_1,q_80,w_1200/b5f025fed3915aae98b09e3db08f4bd2.jpg",2024-10-17T17:42:00Z,"The FBI arrested the man it believes hacked and posted from the Securities and Exchange Commissions X (formerly Twitter) account in January and sent the price of bitcoin soaring.
Eric Council Jr., a… [+2394 chars]",,Quartz India,2024-10-20 14:44:15.540950
Vinamrata Chaturvedi,"Crypto usage has gone to the moon, says new report",Venture capital firm Andreessen Horowitz says there are 617 million crypto owners worldwide,https://qz.com/crypto-activity-has-soared-report-by-andreessen-horowit-1851674421,"https://i.kinja-img.com/image/upload/c_fill,h_675,pg_1,q_80,w_1200/b321604739732aad677026eb9af310b9.jpg",2024-10-16T21:40:00Z,"In This Story
Crypto usage hits new highs and shows no signs of slowing down.
Thats according to a recent report by venture capital firm Andreessen Horowitz, which found record crypto usage amid a … [+3061 chars]",,Quartz India,2024-10-20 14:44:15.540950
Sue Halpern,The Coming Tech Autocracy,"A functional government, committed to safeguarding its citizens, might be keen to create a regulatory agency for AI or pass comprehensive legislation, but we in the United States do not have such a government.",https://www.nybooks.com/articles/2024/11/07/the-coming-tech-autocracy-ai-needs-you-verity-harding/,https://www.nybooks.com/wp-content/uploads/2024/10/halpern_1-110724-900.jpg,2024-10-17T12:00:00Z,"To understand why a number of Silicon Valley tech moguls are supporting Donald Trump’s third presidential campaign after shunning him in 2016 and 2020, look no further than chapter three, bullet poin… [+24881 chars]",,The New York Review of Books,2024-10-20 14:44:15.540950
Matthew Sledge,Elizabeth Warren’s Crypto Haters Are Burning Cash in Her Senate Race,"Crypto big shots have spent more than three times on her opponent as small donors.
The post Elizabeth Warren’s Crypto Haters Are Burning Cash in Her Senate Race appeared first on The Intercept.",https://theintercept.com/2024/10/16/elizabeth-warren-john-deaton-crypto-donors/,https://theintercept.com/wp-content/uploads/2024/10/GettyImages-1528510570-e1729088905455.jpg?fit=5222%2C2611&w=1200&h=800,2024-10-16T15:24:17Z,"Theres zero chance
 that a Republican will win this years Senate election in Massachusetts. That hasnt stopped the crypto industry from lighting money on fire in a doomed bid to defeat Sen. Elizabet… [+2676 chars]",,The Intercept,2024-10-20 14:44:15.540950
fdemott@insider.com (Filip De Mott),Stock market today: Indexes fall from records as chip rout drags tech shares lower,"Dutch firm ASML led the semiconductor rout, falling 16% after it cut 2025 sales guidance.",https://markets.businessinsider.com/news/stocks/stock-market-today-semiconductor-chip-nvidia-asml-rout-oil-prices-2024-10,https://i.insider.com/660ea84b3f923f7dab0481f1?width=1024&format=jpeg,2024-10-15T20:23:48Z,"A drop in chipmaker shares on Tuesday hit pause on the latest rally, yanking indexes from the record highs achieved in the previous session. 
The tech-heavy Nasdaq dropped 1% as Tuesday's session de… [+1490 chars]",business-insider,Business Insider,2024-10-20 14:44:15.540950
jsor@businessinsider.com (Jennifer Sor),Stock market today: Indexes mixed as traders look to recover from chip sell-off,Stocks wavered after Tuesday's chip sell-off. Morgan Stanley shares popped after the bank beat earnings estimates on strong investment banking activity.,https://markets.businessinsider.com/news/stocks/stock-market-today-chip-stocks-asml-nvidia-morgan-stanley-earnings-2024-10,https://i.insider.com/670fc0826ac7b701e7cc0122?width=1200&format=jpeg,2024-10-16T13:54:50Z,"US stocks wavered on Wednesday as traders looked to recover from a sell-off in the chip sector and waited for another round of corporate earnings reports. 
The S&amp;P 500 edged further from record … [+1429 chars]",business-insider,Business Insider,2024-10-20 14:44:15.540950
Samir Rahmoune,Elon Musk manigance quelque chose avec les 11 509 bitcoins de Tesla : que nous réserve-t-il ?,Les bitcoins qui restaient entre les mains de Tesla viennent de bouger pour la première fois en deux ans. Elon Musk aurait-il envie de regarnir sa bourse ?,https://www.clubic.com/actualite-540743-elon-musk-manigance-quelque-chose-avec-les-11-509-bitcoins-de-tesla-que-nous-reserve-t-il.html,https://pic.clubic.com/v1/images/1878278/raw,2024-10-16T16:33:00Z,"Et si l'information commence à circuler, il faut aussi ajouter qu'aucune communication n'a été faite par Tesla sur ces transferts. On ne sait donc pas officiellement pourquoi la décision de déplacer … [+550 chars]",,Clubic,2024-10-20 14:44:15.540950
Lucas Handley,El FBI arresta a un hombre que buscó ‘¿Cómo saber si estoy siendo investigado por el FBI?’,Eric Counsel Jr. está acusado de ayudar a hackear la cuenta de X (anteriormente Twitter) de la Comisión de Bolsa y Valores de EE.UU. (SEC) para publicar información falsa sobre Bitcoin.,https://es.gizmodo.com/el-fbi-arresta-a-un-hombre-que-busco-como-saber-si-estoy-siendo-investigado-por-el-fbi-2000131807,https://es.gizmodo.com/app/uploads/2024/10/Diseno-sin-titulo-52-2.jpg,2024-10-17T23:37:57Z,"El FBI ha arrestado a un hombre de Alabama que presuntamente hackeó la cuenta de X de la SEC para publicar información errónea sobre Bitcoin, lo que brevemente elevó el precio de la criptomoneda en $… [+2710 chars]",,Gizmodo.com,2024-10-20 14:44:15.540950
Lucas Handley,Un hombre que tiró un disco duro con $500 millones en Bitcoin demanda al gobierno local para buscar en el basurero,¿Qué harías si tiras a la basura medio billón de dólares en criptomonedas?,https://es.gizmodo.com/un-hombre-que-tiro-un-disco-duro-con-500-millones-en-bitcoin-demanda-al-gobierno-local-para-buscar-en-el-basurero-2000131716,https://es.gizmodo.com/app/uploads/2024/10/Diseno-sin-titulo-49-2.jpg,2024-10-17T13:02:00Z,"Durante la última década, un hombre galés ha estado suplicando a su gobierno local que le permita inspeccionar el contenido del vertedero de la ciudad. James Howells, un residente de Newport de 39 añ… [+3202 chars]",,Gizmodo.com,2024-10-20 14:44:15.540950
"Trefis Team, Contributor, 
 Trefis Team, Contributor
 https://www.forbes.com/sites/greatspeculations/people/trefis/",Will Bitcoin Reach $100K?,The buzz around cryptocurrencies is back with Bitcoin prices getting a boost this year and investors and the media renewing their interest.,https://www.forbes.com/sites/greatspeculations/2024/10/17/will-bitcoin-reach-100k/,https://imageio.forbes.com/specials-images/imageserve/6710a88c0dbf228b4a13c8e1/0x0.jpg?format=jpg&height=900&width=1600&fit=bounds,2024-10-17T12:00:20Z,"UNITED KINGDOM - 2024/10/08: In this photo illustration, the Bitcoin logo seen displayed on a ... [+] smartphone with stock market graphs in the background. (Photo Illustration by Dominika Zarzycka/S… [+5329 chars]",,Forbes,2024-10-20 14:44:15.540950
"Clem Chambers, Senior Contributor, 
 Clem Chambers, Senior Contributor
 https://www.forbes.com/sites/investor/people/clem/",Did Bitcoin Just Breakout? This Is The One Chart You Need To See,Bitcoin is trading at its highest level since July.,https://www.forbes.com/sites/digital-assets/2024/10/18/did-bitcoin-just-breakout-this-is-the-one-chart-you-need-to-see/,https://imageio.forbes.com/specials-images/imageserve/671261042842154ff2256be0/0x0.jpg?format=jpg&height=900&width=1600&fit=bounds,2024-10-18T16:18:18Z,"(Photo by Dan Kitwood/Getty Images)
Getty Images
I like charts simple. If you put enough lines on a chart you can make a case for anything, so the simpler, the more emphatic, the better.
Here is t… [+2944 chars]",,Forbes,2024-10-20 14:44:15.540950
"Billy Bambrough, Senior Contributor, 
 Billy Bambrough, Senior Contributor
 https://www.forbes.com/sites/billybambrough/",‘$500 Billion In Three Weeks’—Tesla Billionaire Elon Musk Issues ‘Crazy’ Fed ‘Bankruptcy’ Warning After Sparking Bitcoin Price Panic,"Tesla CEO Elon Musk has warned that the U.S. is hurtling toward the brink of ""bankruptcy""...",https://www.forbes.com/sites/digital-assets/2024/10/18/500-billion-in-three-weeks-tesla-billionaire-elon-musk-issues-crazy-fed-bankruptcy-warning-after-sparking-bitcoin-price-panic/,"https://imageio.forbes.com/specials-images/imageserve/671227841b0887bd5a05283e/0x0.jpg?format=jpg&crop=937,664,x282,y137,safe&height=900&width=1600&fit=bounds",2024-10-18T10:55:36Z,"Tesla billionaire Elon Musk, who could be about to put ""dogecoin in the Treasury,"" sparked bitcoin price panic this week when Tesla suddenly moved its bitcoin.
Unlock over $3,000 in perks including … [+3909 chars]",,Forbes,2024-10-20 14:44:15.540950
"Edan Yago, Contributor, 
 Edan Yago, Contributor
 https://www.forbes.com/sites/edanyago/",3 Ways Bitcoin Is Like Digital Real Estate,"Universally desirable, bitcoin is a global, censorship resistant, neutral reserve asset with no counterparty risk.",https://www.forbes.com/sites/edanyago/2024/10/16/3-ways-bitcoin-is-like-digital-real-estate/,"https://imageio.forbes.com/specials-images/imageserve/670ecaedcc0ef59c10f71e73/0x0.jpg?format=jpg&crop=3887,2185,x0,y0,safe&height=900&width=1600&fit=bounds",2024-10-16T16:00:00Z,"MIAMI, FLORIDA - APRIL 7: Michael Saylor, Chairman &amp; CEO, MicroStrategy, gestures as he speaks ... [+] during the Bitcoin 2022 Conference at Miami Beach Convention Center on April 7, 2022 in Miam… [+5387 chars]",,Forbes,2024-10-20 14:44:15.540950
"Susie Violet Ward, Contributor, 
 Susie Violet Ward, Contributor
 https://www.forbes.com/sites/susievioletward/",Craig Wright Who Is Not Satoshi Launches Bitcoin Core Legal Battle,"Craig Wright, discredited by UK courts in his claim to be Satoshi Nakamoto, is launching a new legal battle against Bitcoin Core developers, seeking £911B in damages.",https://www.forbes.com/sites/digital-assets/2024/10/18/craig-wright-who-is-not-satoshi-launches-bitcoin-core-legal-battle/,https://imageio.forbes.com/specials-images/imageserve/6711fbd8f2fc5590277bd90f/0x0.jpg?format=jpg&height=900&width=1600&fit=bounds,2024-10-18T06:13:19Z,"LONDON, ENGLAND - FEBRUARY 06: Dr. Craig Wright arrives at the Rolls Building, part of the Royal ... [+] Courts of Justice on February 06, 2024 in London, England. The Australian-born and English-res… [+5211 chars]",,Forbes,2024-10-20 14:44:15.540950
"Billy Bambrough, Senior Contributor, 
 Billy Bambrough, Senior Contributor
 https://www.forbes.com/sites/billybambrough/",A Fed ‘Nightmare’ Is Predicted To Spark A Bitcoin Price ‘Tipping Point’,"Billionaire investor Stanley Druckenmiller has predicted a market ""melt up"" as the bitcoin price approaches ""a tipping point...",https://www.forbes.com/sites/digital-assets/2024/10/17/a-fed-nightmare-is-predicted-to-spark-a-bitcoin-price-tipping-point/,https://imageio.forbes.com/specials-images/imageserve/633c2741f081733a2a78b209/0x0.jpg?format=jpg&height=900&width=1600&fit=bounds,2024-10-17T11:25:44Z,"BitcoinBitcoin
has surged this week as the market is hit by a China ""tsunami"" and former U.S. president Donald Trump teases ""big news.""
Unlock over $3,000 in perks including unparalleled access to … [+3702 chars]",,Forbes,2024-10-20 14:44:15.540950
"Ty Roush, Forbes Staff, 
 Ty Roush, Forbes Staff
 https://www.forbes.com/sites/tylerroush/",Alabama Man Charged With Hacking SEC’s X Account—Causing Bitcoin To Spike,A fake tweet announced the approval for the first spot bitcoin exchange-traded funds before the agency regained control of its social media.,https://www.forbes.com/sites/tylerroush/2024/10/17/alabama-man-charged-with-hacking-secs-x-account-causing-bitcoin-to-spike/,"https://imageio.forbes.com/specials-images/imageserve/671163063e696b4cab3adaf7/0x0.jpg?format=jpg&crop=2843,1598,x0,y10,safe&height=900&width=1600&fit=bounds",2024-10-17T19:20:05Z,"An Alabama resident was arrested on Thursday for allegedly hacking the Securities and Exchange Commissions X account earlier this year and posting a false claim about cryptocurrency, an incident that… [+2248 chars]",,Forbes,2024-10-20 14:44:15.540950
"Billy Bambrough, Senior Contributor, 
 Billy Bambrough, Senior Contributor
 https://www.forbes.com/sites/billybambrough/",A Donald Trump Crypto Bombshell Has Suddenly Blown Up The Bitcoin Price,The sale of a new cryptocurrency backed by former U.S. president Donald Trump has sent the bitcoin price and crypto market sharply higher—as Trump's odds of retaking the White House next month climb...,https://www.forbes.com/sites/digital-assets/2024/10/15/a-donald-trump-crypto-bombshell-has-suddenly-blown-up-the-bitcoin-price/,https://imageio.forbes.com/specials-images/imageserve/670e77da0adc399f421e08b2/0x0.jpg?format=jpg&height=900&width=1600&fit=bounds,2024-10-15T14:21:04Z,"BitcoinBitcoin
 has suddenly surged after rocketing into the new week on the back of a China earthquake.
Unlock over $3,000 in perks including unparalleled access to a community of top Web3 entrepr… [+2126 chars]",,Forbes,2024-10-20 14:44:15.540950
"Clem Chambers, Senior Contributor, 
 Clem Chambers, Senior Contributor
 https://www.forbes.com/sites/investor/people/clem/",Bitcoin Facing A Trump Ramp Or A Harris Dump,Bitcoin is at the top of its sideways channel. It’s a faintly bearish channel but the setup looks promising for now. But U.S. election results will have an impact.,https://www.forbes.com/sites/digital-assets/2024/10/15/bitcoin-facing-a-trump-ramp-or-a-harris-dump/,https://imageio.forbes.com/specials-images/imageserve/670e71ccfdfda8c51d90035e/0x0.jpg?format=jpg&height=900&width=1600&fit=bounds,2024-10-15T14:24:40Z,"U.S. election results can change the direction of the price of bitcoin.
getty
Bitcoin (BTC) is at the top of its sideways channel. Its a faintly bearish channel but the setup looks promising for no… [+3192 chars]",,Forbes,2024-10-20 14:44:15.540950
"Korok Ray, Contributor, 
 Korok Ray, Contributor
 https://www.forbes.com/sites/korokray/",Forecasting Bitcoin’s Price Using Annualized Rates Of Return,Using AAR is a simple way to project forward.,https://www.forbes.com/sites/digital-assets/2024/10/17/forecasting-bitcoins-price-using-annualized-rates-of-return/,https://imageio.forbes.com/specials-images/imageserve/670e7acd937d3d35ee644a73/0x0.jpg?format=jpg&height=900&width=1600&fit=bounds,2024-10-17T13:00:00Z,"KRAKOW, POLAND - 2022/01/05: People walk past a Bitcoin ATM. (Photo by Omar Marques/SOPA ... [+] Images/LightRocket via Getty Images)
SOPA Images/LightRocket via Getty Images
At Bitcoin 2024 in Nas… [+3582 chars]",,Forbes,2024-10-20 14:44:15.540950
"Korok Ray, Contributor, 
 Korok Ray, Contributor
 https://www.forbes.com/sites/korokray/",Forecasting Bitcoin’s Price Using Annualized Rates Of Return (AAR),Using AAR is a simple way to project forward.,https://www.forbes.com/sites/digital-assets/2024/10/17/forecasting-bitcoins-price-using-annualized-rates-of-return-aar/,https://imageio.forbes.com/specials-images/imageserve/670e7acd937d3d35ee644a73/0x0.jpg?format=jpg&height=900&width=1600&fit=bounds,2024-10-17T13:00:00Z,"KRAKOW, POLAND - 2022/01/05: People walk past a Bitcoin ATM. (Photo by Omar Marques/SOPA ... [+] Images/LightRocket via Getty Images)
SOPA Images/LightRocket via Getty Images
At Bitcoin 2024 in Nas… [+3582 chars]",,Forbes,2024-10-20 14:44:15.540950
"Lawrence Wintermeyer, Contributor, 
 Lawrence Wintermeyer, Contributor
 https://www.forbes.com/sites/lawrencewintermeyer/",The Growing Gap For Investors Outside The U.S. To Access Crypto ETFs,"While U.S. investors are benefiting from the crypto ETF surge, retail investors outside the U.S. face barriers in accessing crypto ETFs, limiting global adoption.",https://www.forbes.com/sites/lawrencewintermeyer/2024/10/17/the-growing-gap-for-investors-outside-the-us-to-access-crypto-etfs/,https://imageio.forbes.com/specials-images/imageserve/671096a04141e8eb286abf7e/0x0.jpg?format=jpg&height=900&width=1600&fit=bounds,2024-10-17T13:00:29Z,"Jumping through the gap to achieve financial goals
getty
The U.S. crypto exchange-traded fund (ETF) market has experienced tremendous growth in 2024, fueled by bitcoin and Ethereum ETFs. As of Augu… [+7571 chars]",,Forbes,2024-10-20 14:44:15.540950
"Javier Bastardo, Contributor, 
 Javier Bastardo, Contributor
 https://www.forbes.com/sites/javierbastardo/",FBI Arrests Hacker Behind SEC X Account Fake Bitcoin ETF Announcement,"The FBI arrested Eric Council Jr. who used the SEC's X account to post a fake BTC ETF approval in January, causing a price surge.",https://www.forbes.com/sites/digital-assets/2024/10/18/fbi-arrests-hacker-behind-sec-x-account-fake-bitcoin-etf-announcement/,https://imageio.forbes.com/specials-images/imageserve/64bd27d11229b1f5dfd98952/0x0.jpg?format=jpg&height=900&width=1600&fit=bounds,2024-10-18T07:58:36Z,WASHINGTON - APRIL 28: Commodity Futures Trading Commission (CFTC) Gary Gensler testifies during a ... [+] hearing before the Financial Services and General Government Subcommittee of Senate Appropri… [+3162 chars],,Forbes,2024-10-20 14:44:15.540950
"John Tamny, Contributor, 
 John Tamny, Contributor
 https://www.forbes.com/sites/johntamny/",Book Review: Andrew Chow’s “Cryptomania”,"Speculation is no way for the vast majority of us to make a living, but working is.",https://www.forbes.com/sites/johntamny/2024/10/17/book-review-andrew-chows-cryptomania/,https://imageio.forbes.com/specials-images/imageserve/671110df39fd8ad6105dbb7f/0x0.jpg?format=jpg&height=900&width=1600&fit=bounds,2024-10-17T19:00:45Z,"SAN FRANCISCO, CA - MAY 20, 2013: A shelf filled with books, including a 'staff pick' by Cormac ... [+] McCarthy, at the City Lights Bookstore, an independent bookstore founded in 1953 by poet Lawren… [+15343 chars]",,Forbes,2024-10-20 14:44:15.540950
"John Tamny, Contributor, 
 John Tamny, Contributor
 https://www.forbes.com/sites/johntamny/",The Growing Political Potency Of The ‘Crypto Voter Bloc’,Most market advances take us by surprise.,https://www.forbes.com/sites/johntamny/2024/10/17/the-growing-political-potency-of-the-crypto-voter-bloc/,https://imageio.forbes.com/specials-images/imageserve/61b230cc5537d43fbfa8bb3c/0x0.jpg?format=jpg&height=900&width=1600&fit=bounds,2024-10-17T14:00:49Z,"PARIS, FRANCE - FEBRUARY 16: In this photo illustration, a visual representation of digital ... [+] cryptocurrencies, Bitcoin, Ripple, Ethernum, Dash, Monero and Litecoin is displayed on February 16,… [+3510 chars]",,Forbes,2024-10-20 14:44:15.540950
"Derek Saul, Forbes Staff, 
 Derek Saul, Forbes Staff
 https://www.forbes.com/sites/dereksaul/",Trump’s Polymarket Odds Top 60%: How Election Betting Markets Differ From Polls,"In October, Trump’s market-implied odds of a second presidency have increased from 48% to 57%.",https://www.forbes.com/sites/dereksaul/2024/10/17/trumps-polymarket-odds-top-60-how-election-betting-markets-differ-from-polls/,"https://imageio.forbes.com/specials-images/imageserve/67117d47b9ab0ab396cf6336/0x0.jpg?format=jpg&crop=3234,1817,x0,y7,safe&height=900&width=1600&fit=bounds",2024-10-17T21:15:15Z,"Betting markets moved further Thursday toward predicting a former President Donald Trump win, the latest evidence of money flowing into bets supporting another Trump presidency, though polling data p… [+3414 chars]",,Forbes,2024-10-20 14:44:15.540950
"Derek Newton, Contributor, 
 Derek Newton, Contributor
 https://www.forbes.com/sites/dereknewton/","Report: For Traditional Online College Managers, The Party Is Over",A new report from Validated Insights shows that the traditional market for online program management companies (OMPI) is in freefall.,https://www.forbes.com/sites/dereknewton/2024/10/17/report-for-traditional-online-college-managers-the-party-is-over/,https://imageio.forbes.com/specials-images/imageserve/67113cf8fb5c54e92529e010/0x0.jpg?format=jpg&height=900&width=1600&fit=bounds,2024-10-17T16:37:28Z,"LAS VEGAS, NEVADA - SEPTEMBER 01: Professor of physics and astronomy Dr. Jason Steffen is seen on ... [+] his computer screen as he teaches a remote Physics for Scientists and Engineers course at UNL… [+5771 chars]",,Forbes,2024-10-20 14:44:15.540950
"Gene A. Grant II, Contributor, 
 Gene A. Grant II, Contributor
 https://www.forbes.com/sites/genegrant/","Fintech Banking Deposits Can Be Lost, It Is Not Only A Crypto Problem","Fintech companies that provide banking-like products are a hidden risk to customers, and for the most part, customers appear oblivious to the risks",https://www.forbes.com/sites/digital-assets/2024/10/18/fintech-banking-deposits-can-be-lost-it-is-not-only-a-crypto-problem/,https://imageio.forbes.com/specials-images/imageserve/67115a435024af0b7473a959/0x0.jpg?format=jpg&height=900&width=1600&fit=bounds,2024-10-18T14:15:00Z,"Losing access to funds can be a shock for customers of financial technology firms. 
getty
The news media has extensively covered the crash and burn trajectories of some of the leading crypto compan… [+9125 chars]",,Forbes,2024-10-20 14:44:15.540950
"Tonya Evans, Contributor, 
 Tonya Evans, Contributor
 https://www.forbes.com/sites/tonyaevans/",Crypto Battle For Black Men: Can Harris Outmaneuver Trump’s Strategy?,Can Kamala Harris's crypto agenda empower Black men and counter Trump’s appeal? Explore the battle for economic equity in the digital age in this in-depth analysis.,https://www.forbes.com/sites/tonyaevans/2024/10/15/crypto-battle-for-black-men-can-harris-outmaneuver-trumps-strategy/,https://imageio.forbes.com/specials-images/imageserve/670ec15dcb67f492e7ead605/0x0.jpg?format=jpg&height=900&width=1600&fit=bounds,2024-10-15T19:38:47Z,"US Vice President Kamala Harris speaks during a conversation with Steve Harvey at the 38th Annual ... [+] 100 Black Men in America Conference on June 14, 2024 in Atlanta, Georgia. (Photo by Elijah No… [+11750 chars]",,Forbes,2024-10-20 14:44:15.540950
"Derek Saul, Forbes Staff, 
 Derek Saul, Forbes Staff
 https://www.forbes.com/sites/dereksaul/","Kamala Harris Has More Billionaires Prominently Backing Her Than Trump—Tyler Perry, Bill Ackman Weigh In (Update)","The likes of Jeff Bezos and Bill Gates have shied away from offering endorsements like their ultrarich counterpart Elon Musk, but they have shared some thoughts about the two candidates.",https://www.forbes.com/sites/dereksaul/2024/10/16/kamala-harris-has-more-billionaires-prominently-backing-her-than-trump-tyler-perry-bill-ackman-weigh-in-update/,https://imageio.forbes.com/specials-images/imageserve/67095c59ce26ec99f236e2eb/0x0.jpg?format=jpg&height=900&width=1600&fit=bounds,2024-10-16T13:55:01Z,"Forbes found at least 100 billionaires in the corners of either former President Donald Trump or Vice President Kamala Harriswith many more backing Harrisbut unlike the worlds richest man Elon Musk, … [+12758 chars]",,Forbes,2024-10-20 14:44:15.540950
HDblog.it,"Bitcoin e crypto, Governo punta ad aumentare la tassazione al 42%",Lo ha annunciato alla stampa il viceministro Leo,https://www.hdblog.it/mercato/articoli/n596371/bitcoin-crypto-plusvalenze-aumento-tasse/,https://hd2.tudocdn.net/1065167?w=1920,2024-10-16T15:50:00Z,"""Un tema importante riguarda le plusvalenze da bitcoin, per cui prevediamo un aumento della ritenuta dal 26% al 42%"". È una frase pronunciata dal viceministro dell'economia e delle finanze Maurizio L… [+1856 chars]",,Hdblog.it,2024-10-20 14:44:15.540950
noreply@blogger.com (Chema Alonso),Tu Wallet: Gestiona tus criptomonedas con Bit2Me y úsalas con una tarjeta de crédito virtual en la nueva Tu Wallet,"Ayer tuvo lugar por la tarde nuestro Innovation Day 2024
, donde hablamos de muchas cosas en las que hemos estado trabajando este año. Latch, VerifAI, Metashield, Quantum Drop, Living App de Perplexity, Movistar Home Connect, Quantum Comms, OpenGateway... y …",https://www.elladodelmal.com/2024/10/tu-wallet-gestiona-tus-criptomonedas.html,https://blogger.googleusercontent.com/img/b/R29vZ2xl/AVvXsEjzJTb91ern4j1Oc21JHdcbgrzT28vDq4U4ExH1q1zTmMmoxJRB4zIRImqq86DpmBJP8SClZx5uQLYFyMKZmmwX_7m_DnFvxvwtolJEwxjCTeZ-67rKSLB7bISV4JOTwmGQBWKhCnfKy3wwbjF2PVKrELL-wUWAtPhBm1OsVodz59mMLFFibuXk/w1200-h630-p-k-no-nu/tuWallet1.jpg,2024-10-18T06:27:00Z,"Ayer tuvo lugar por la tarde nuestro Innovation Day 2024
, donde hablamos de muchas cosas en las que hemos estado trabajando este año. Latch, VerifAI, Metashield, Quantum Drop, Living App de Perplex… [+2195 chars]",,Elladodelmal.com,2024-10-20 14:44:15.540950
Cliente,1xBet: tudo sobre a plataforma de cassino e apostas esportivas,"✅ A 1xbet casino é confiável? Leia a análise e tenha acesso a bônus imperdíveis e uma ampla seleção de jogos de cassino
O post 1xBet: tudo sobre a plataforma de cassino e apostas esportivas apareceu primeiro em Olhar Digital.",https://olhardigital.com.br/2024/10/17/internet-e-redes-sociais/1xbet-tudo-sobre-a-plataforma-de-cassino-e-apostas-esportivas/,https://olhardigital.com.br/wp-content/uploads/2024/10/olhardigital-1xbet.png,2024-10-17T16:36:37Z,"O 1xBet é um dos mais famosos sites de apostas que nós brasileiros temos por aqui. Por ser um cassino online e também uma casa de apostas, sua jogabilidade é muito conveniente. Mas será que o serviço… [+39286 chars]",,Olhardigital.com.br,2024-10-20 14:44:15.540950
news.google.com,Hacker arrested for the fake SEC tweet that caused a Bitcoin price spike,"Hacker arrested for the fake SEC tweet that caused a Bitcoin price spike The Verge
FBI arrests Alabama man for SEC X hack that spiked price of bitcoin CNBC
Alabama man allegedly hacked SEC’s X account, causing bitcoin value to soar with fake post AL.com
Arres…",https://biztoc.com/x/9ceff82e873d19fa,https://biztoc.com/cdn/805/og.png,2024-10-17T18:36:03Z,"Hacker arrested for the fake SEC tweet that caused a Bitcoin price spike The VergeFBI arrests Alabama man for SEC X hack that spiked price of bitcoin CNBCAlabama man allegedly hacked SECs X account, … [+152 chars]",,Biztoc.com,2024-10-20 14:44:15.540950
zerohedge.com,"Bullion, Bitcoin, & Banks Soar As 'Trump Trade' Dominates Data This Week","Bullion, Bitcoin, & Banks Soar As 'Trump Trade' Dominates Data This Week
 
A dip in 'soft' data was overwhelmed by a resurgence in 'hard' data this week...
Source: Bloomberg
...and that 'no landing' narrative-builder pushed rate-cut expectations down for 2024…",https://biztoc.com/x/5a369a4585b2eef2,https://biztoc.com/cdn/5a369a4585b2eef2_s.webp,2024-10-18T20:10:05Z,"Bullion, Bitcoin, &amp; Banks Soar As 'Trump Trade' Dominates Data This Week
A dip in 'soft' data was overwhelmed by a resurgence in 'hard' data this week...Source: Bloomberg...and that 'no landing'… [+145 chars]",,Biztoc.com,2024-10-20 14:44:15.540950
news.google.com,Trump-backed platform’s crypto token sale flatlines at $10M amid site jitters,"Trump-backed platform’s crypto token sale flatlines at $10M amid site jitters Cointelegraph
Trump’s Scammy Crypto Company Is Already a Disaster New York Magazine
Trump promotes family’s cryptocurrency tokens The Hill
Donald Trump's Crypto Coin Has a Massive D…",https://biztoc.com/x/aecdfcccc321ac88,https://biztoc.com/cdn/805/og.png,2024-10-16T22:19:46Z,Trump-backed platforms crypto token sale flatlines at $10M amid site jitters CointelegraphTrumps Scammy Crypto Company Is Already a Disaster New York MagazineTrump promotes familys cryptocurrency tok… [+144 chars],,Biztoc.com,2024-10-20 14:44:15.540950
coindesk.com,"Bitcoin Jumps to Just Shy of $68K, Highest Since Late July","Digital assets are finally beginning to pay attention to not just the growing chance of a Trump victory in November, but also a GOP sweep, said Standard Chartered's Geoff Kendrick.",https://biztoc.com/x/e0461205fabdbac3,https://biztoc.com/cdn/e0461205fabdbac3_s.webp,2024-10-15T14:36:22Z,"Digital assets are finally beginning to pay attention to not just the growing chance of a Trump victory in November, but also a GOP sweep, said Standard Chartered's Geoff Kendrick.
This story appear… [+39 chars]",,Biztoc.com,2024-10-20 14:44:15.540950
Chiara Brusini,"Manovra, Giorgetti: “Sacrifici? Per le banche”. Ma i single avranno meno detrazioni e nel 2025 per la sanità arrivano solo 900 milioni in più","“Non ci saranno nuove tasse, mi dispiace deludere le attese. I sacrifici? Li fanno le banche, le assicurazioni e le strutture dei ministeri“. Il ministro dell’Economia Giancarlo Giorgetti, presentando in conferenza stampa a Palazzo Chigi la manovra approvata …",https://www.ilfattoquotidiano.it/2024/10/16/manovra-giorgetti-rivendica-sacrifici-banche-ma-meno-detrazioni-single-sanita-poche-risorse/7732547/,https://st.ilfattoquotidiano.it/wp-content/uploads/2024/10/16/giorgetti-1200-14-1200x630.jpg,2024-10-16T11:15:02Z,"“Non ci saranno nuove tasse, mi dispiace deludere le attese. I sacrifici? Li fanno le banche, le assicurazioni e le strutture dei ministeri“. Il ministro dellEconomia Giancarlo Giorgetti, presentando… [+4762 chars]",,Ilfattoquotidiano.it,2024-10-20 14:44:15.540950
Lincoln Carpenter,Hacker accused of manipulating Bitcoin prices with a fake SEC tweet was arrested after allegedly searching 'what are some signs the FBI is after you',"My ""I did not hack the SEC's X account"" shirt is making people ask a lot of questions already answered by my shirt.",https://www.pcgamer.com/gaming-industry/hacker-fake-sec-tweet-arrest/,https://cdn.mos.cms.futurecdn.net/ytfpYtRhtfrmim7DFv4MoT-1200-80.jpg,2024-10-17T21:56:01Z,"On January 9, 2024, a now-deleted tweet from @SECGov, the X account of the U.S. Securities and Exchange Commission, declared that the SEC had granted ""approval for Bitcoin ETFs for listing on all reg… [+3229 chars]",,PC Gamer,2024-10-20 14:44:15.540950
emily.cooke@futurenet.com (Emily Cooke),Potential health hazards of cryptocurrency mines laid bare by scientists,"Anecdotal reports suggest that cryptocurrency mines can have harmful knock-on effects on people's health, but the true scale of the problem is still unknown.",https://www.livescience.com/health/potential-health-hazards-of-cryptocurrency-mines-laid-bare-by-scientists,https://cdn.mos.cms.futurecdn.net/sozCCXu33igVZ67sK5Wr2K-1200-80.jpg,2024-10-18T13:11:36Z,"In summer 2024, several news outlets chronicled the ""nightmarish
"" impacts Texas communities endured due to the din of noise emanating from nearby cryptocurrency mines
.
Residents of these communi… [+6797 chars]",,Live Science,2024-10-20 14:44:15.540950
James Van Straten,Global Bitcoin ETPs Register Biggest Seven-Day Inflow Since July,"In the past four trading days, Bitcoin ETFs have purchased around 48 days of the mined bitcoin supply.",https://www.coindesk.com/markets/2024/10/18/global-bitcoin-etps-register-biggest-seven-day-inflow-since-july/,https://www.coindesk.com/resizer/JJbbQJPX_cEZUE3fJXj89oU4g98=/1200x628/center/middle/cloudfront-us-east-1.images.arcpublishing.com/coindesk/HSRH6CX5RRBAZNAEDGZ36WFTRY.png,2024-10-18T09:22:41Z,"Please note that ourprivacy policy,terms of use,cookies, anddo not sell my personal informationhave been updated.
CoinDesk is anaward-winningmedia outlet that covers the cryptocurrency industry. Its… [+457 chars]",,CoinDesk,2024-10-20 14:44:15.540950
Jamie Crawley,Gold Arrives on 'Digital Gold' as Bitcoin Gets Tokenized Version of the Metal,"Bitcoin, the cryptocurrency, is often referred to as ""digital gold,"" but now it is possible to mint and trade physical gold on the Bitcoin blockchain via the Ordinals protocol – essentially encoding ownership of the yellow metal into an NFT.",https://www.coindesk.com/tech/2024/10/17/gold-arrives-on-digital-gold-as-bitcoin-gets-tokenized-version-of-the-metal/,https://www.coindesk.com/resizer/W78nQVGTe5QBh8g4_YpW4dJEtFI=/1200x628/center/middle/cloudfront-us-east-1.images.arcpublishing.com/coindesk/53BS2RQO7JBRJEUCAJUFJAFC6I,2024-10-17T06:30:00Z,"Please note that ourprivacy policy,terms of use,cookies, anddo not sell my personal informationhave been updated.
CoinDesk is anaward-winningmedia outlet that covers the cryptocurrency industry. Its… [+457 chars]",,CoinDesk,2024-10-20 14:44:15.540950
"CoinDesk Indices, Tracy Stephens","CoinDesk 20 Performance Update: LTC Gains 3%, Leading Index Higher","Bitcoin Cash also joined Litecoin as a top performer, gaining 2.8% since Tuesday.",https://www.coindesk.com/coindesk-indices/2024/10/16/coindesk-20-performance-update-ltc-gains-3-leading-index-higher/,https://www.coindesk.com/resizer/rMroQxIDd58Vwr0qWyEkWQkIhRc=/1200x628/center/middle/cloudfront-us-east-1.images.arcpublishing.com/coindesk/526DFOIHZ5BMPLVS7AVZIKBP5U.jpg,2024-10-16T14:01:47Z,"Please note that ourprivacy policy,terms of use,cookies, anddo not sell my personal informationhave been updated.
CoinDesk is anaward-winningmedia outlet that covers the cryptocurrency industry. Its… [+457 chars]",,CoinDesk,2024-10-20 14:44:15.540950
James Van Straten,"Bitcoin Tops $68K, With Dominance Over Crypto Market Hitting New Cycle High","Bitcoin dominance climbs to 58.91%, the highest level in 3.5 years, last reached in April 2021.",https://www.coindesk.com/markets/2024/10/16/bitcoin-tops-68k-with-dominance-over-crypto-market-hitting-new-cycle-high/,https://www.coindesk.com/resizer/_1Y5xVAqmSEtnOBKkyX2_v2fwQI=/1200x628/center/middle/cloudfront-us-east-1.images.arcpublishing.com/coindesk/7QPDGEELRNCALGWGREENU6TUKM.png,2024-10-16T12:58:23Z,"Please note that ourprivacy policy,terms of use,cookies, anddo not sell my personal informationhave been updated.
CoinDesk is anaward-winningmedia outlet that covers the cryptocurrency industry. Its… [+457 chars]",,CoinDesk,2024-10-20 14:44:15.540950
Cheyenne Ligon,"NYSE, Cboe Win SEC Approval for Bitcoin ETF Options",The decision follows Nasdaq recently also getting permission for options on spot bitcoin ETFs in the U.S.,https://www.coindesk.com/policy/2024/10/18/nyse-cboe-win-sec-approval-for-bitcoin-etf-options/,https://www.coindesk.com/resizer/4oz-k7vtijFww39mzQpNqG00SPI=/1200x628/center/middle/cloudfront-us-east-1.images.arcpublishing.com/coindesk/PYUMMRBTHFHOBCFKJZJ5YHQI7A.jpg,2024-10-18T21:35:01Z,"Please note that ourprivacy policy,terms of use,cookies, anddo not sell my personal informationhave been updated.
CoinDesk is anaward-winningmedia outlet that covers the cryptocurrency industry. Its… [+457 chars]",,CoinDesk,2024-10-20 14:44:15.540950
James Van Straten,"Open Interest on CME Bitcoin Futures Hits All-Time High, Signals Further Bullishness","CME Bitcoin Futures Open Interest Hits All-Time High with Third-Largest Five-Day Increase, Following Two Price Surges.",https://www.coindesk.com/markets/2024/10/16/open-interest-on-cme-bitcoin-futures-hits-all-time-high-signals-further-bullishness/,https://www.coindesk.com/resizer/p8TkcS7Qyocxe-BnVT8OXvWErwY=/1200x628/center/middle/cloudfront-us-east-1.images.arcpublishing.com/coindesk/YZQ7PWWAMFG7VDKCUOTY7IQGLU.jpg,2024-10-16T10:15:10Z,"Then, in October 2023, CME saw the addition of 25,115 BTC, which coincided with CME becoming the largest futures exchange for the first time, overtaking Binance. Once again, in this period, from Octo… [+71 chars]",,CoinDesk,2024-10-20 14:44:15.540950
Gregory Mall,US Elections 2024: Brace for Impact,"With the U.S. presidential election polls showing a tense race, cryptocurrency investors are bracing for volatility. But how important is the outcome of the election for the future of crypto in the medium to long run?, poses Gregory Mall.",https://www.coindesk.com/markets/2024/10/16/us-elections-2024-brace-for-impact/,https://www.coindesk.com/resizer/jXTmnIeQ0IcAbkf1qYXjq04Gp_E=/1200x628/center/middle/cloudfront-us-east-1.images.arcpublishing.com/coindesk/ALIDZMABNRCXJKWATK5Y7AO4DQ.jpg,2024-10-16T16:15:33Z,"Until President Biden dropped out of the race in July, it seemed like Trump was the clear favorite within the crypto community. In the aftermath of the failed assassination attempt on July 12th, bitc… [+886 chars]",,CoinDesk,2024-10-20 14:44:15.540950
"Jamie Crawley, Omkar Godbole",First Mover Americas: Bitcoin Moves Above $68K Amid Renewed Bullishness,"The latest price moves in bitcoin (BTC) and crypto markets in context for Oct. 16, 2024. First Mover is CoinDesk’s daily newsletter that contextualizes the latest actions in the crypto markets.",https://www.coindesk.com/markets/2024/10/16/first-mover-americas-bitcoin-moves-above-68k-amid-renewed-bullishness/,https://www.coindesk.com/resizer/m6DTkQPcBtENR86LViGKb44bx9k=/1200x628/center/middle/cloudfront-us-east-1.images.arcpublishing.com/coindesk/Z5UHOOJQBFDNXCOVIMM7GLGHUQ.jpeg,2024-10-16T12:01:44Z,"BTC futures open-interest on the Chicago Mercantile Exchange has hit a new all-time high of 172,430 BTC ($11.6 billion). In the past five trading days, CME has seen open interest ramp up by 25,125 BT… [+510 chars]",,CoinDesk,2024-10-20 14:44:15.540950
James Van Straten,Ongoing Profit-Taking Could Slow Bitcoin's Move To Record High,Historical data suggests when the bitcoin circulating supply in profit is over 94% we tend to see a sell-off due to profit-taking.,https://www.coindesk.com/markets/2024/10/17/ongoing-profit-taking-could-slow-bitcoins-move-to-record-high/,https://www.coindesk.com/resizer/KHDTZSzwoN0WwHaMtLEJoRw3qYc=/1200x628/center/middle/cloudfront-us-east-1.images.arcpublishing.com/coindesk/QCBZVQT4MZF4LBVYCYSOMWQEHI.png,2024-10-17T12:12:42Z,"Please note that ourprivacy policy,terms of use,cookies, anddo not sell my personal informationhave been updated.
CoinDesk is anaward-winningmedia outlet that covers the cryptocurrency industry. Its… [+457 chars]",,CoinDesk,2024-10-20 14:44:15.540950
Jamie Crawley,Jailhouse Block: Elvis Digital Art Collection Inscribed on the Bitcoin Network,"A digital art collection of Elvis Presley, ""Elvis Side $Btc,"" has been minted – inscribed on the Bitcoin blockchain – by OrdinalsBot and IP project Royalty.",https://www.coindesk.com/tech/2024/10/17/jailhouse-block-elvis-digital-art-collection-inscribed-on-the-bitcoin-network/,https://www.coindesk.com/resizer/MRwEyasqzgDYBKNzNe42-DGpKcY=/1200x628/center/middle/cloudfront-us-east-1.images.arcpublishing.com/coindesk/KI3MA2DGVBA5FBFDCTWCTFKXZM.jpeg,2024-10-17T15:09:25Z,"Please note that ourprivacy policy,terms of use,cookies, anddo not sell my personal informationhave been updated.
CoinDesk is anaward-winningmedia outlet that covers the cryptocurrency industry. Its… [+457 chars]",,CoinDesk,2024-10-20 14:44:15.540950
"Jamie Crawley, Omkar Godbole",First Mover Americas: BTC Flirts With $68K Amid ETF Inflows,"The latest price moves in bitcoin (BTC) and crypto markets in context for Oct. 18, 2024. First Mover is CoinDesk’s daily newsletter that contextualizes the latest actions in the crypto markets.",https://www.coindesk.com/markets/2024/10/18/first-mover-americas-btc-flirts-with-68k-amid-etf-inflows/,https://www.coindesk.com/resizer/sqayYidctOHfo_bCKJZAlO8MD8M=/1200x628/center/middle/cloudfront-us-east-1.images.arcpublishing.com/coindesk/CUA5MPRCJNCIHFOWUDMT3Q4CQY.jpeg,2024-10-18T12:08:31Z,"Bitcoin made another attempt to establish a foothold above $68,000 early in the European morning before pulling back and trading around $67,800. BTC has gained about 1.35% in the last 24 hours, outpe… [+430 chars]",,CoinDesk,2024-10-20 14:44:15.540950
"Jamie Crawley, Omkar Godbole",First Mover Americas: Bitcoin Recedes to $67K as Crypto Market Sees Slight Dip,"The latest price moves in bitcoin (BTC) and crypto markets in context for Oct. 17, 2024. First Mover is CoinDesk’s daily newsletter that contextualizes the latest actions in the crypto markets.",https://www.coindesk.com/markets/2024/10/17/first-mover-americas-bitcoin-recedes-to-67k-as-crypto-market-sees-slight-dip/,https://www.coindesk.com/resizer/rSUF4RDgTwk04MkytxoWVNVA0uU=/1200x628/center/middle/cloudfront-us-east-1.images.arcpublishing.com/coindesk/BKSDBNYQ4FFOFCJOZ5UJVC4DH4.jpeg,2024-10-17T12:01:06Z,"Bitcoin pulled back to $67,000 throughout the Asian and European mornings, showing signs of a consolidation following Wednesday's jump above $68,000. BTC was about 0.7% lower in the last 24 hours as … [+391 chars]",,CoinDesk,2024-10-20 14:44:15.540950
Kevin Reynolds,"Editorial: We Applaud Trump’s Crypto Efforts Though His Record, Rhetoric Raise Red Flags","We applaud Former President Donald Trump for making crypto a campaign issue and wish his opponent, Vice President Kamala Harris, would say more about it.",https://www.coindesk.com/opinion/2024/10/16/editorial-we-applaud-trumps-crypto-efforts-though-his-record-rhetoric-raise-red-flags/,https://www.coindesk.com/resizer/ngUovE-rnXqL8A5UbOd45leTUlA=/1200x628/center/middle/cloudfront-us-east-1.images.arcpublishing.com/coindesk/CVIH7655DNH4LNMTKP7AZFU3JE.jpg,2024-10-16T15:03:00Z,"In the years since, Trump has turned around on cryptocurrencies, but it was only this year that he really began to make it a campaign issue. In May, he said, ""I guess you could say [crypto is] a form… [+424 chars]",,CoinDesk,2024-10-20 14:44:15.540950
Amitoj Singh,Italy to Raise Capital Gains Tax on Crypto to 42% From 26%: Reports,"Italy's Deputy Finance Minister Maurizio Leo has said the nation will raise taxes on capital gains on cryptocurrencies such as Bitcoin to 42% from 26%, according to Reuters and Bloomberg.",https://www.coindesk.com/policy/2024/10/16/italy-to-raise-capital-gains-tax-on-crypto-to-42-from-26-reports/,https://www.coindesk.com/resizer/rSW5lGV3QWGxGvSiucE5ZYSsbZo=/1200x628/center/middle/cloudfront-us-east-1.images.arcpublishing.com/coindesk/WQQJBR4ILJCZHGSSTTYBJMOAY4.jpg,2024-10-16T14:32:34Z,"Please note that ourprivacy policy,terms of use,cookies, anddo not sell my personal informationhave been updated.
CoinDesk is anaward-winningmedia outlet that covers the cryptocurrency industry. Its… [+457 chars]",,CoinDesk,2024-10-20 14:44:15.540950
Helene Braun,"MicroStrategy's 'Nav Premium' Shouldn't be Feared, Says Benchmark, Raising Price Target to $245","Bears on MicroStrategy’s high stock price compared to the amount of its bitcoin holdings are overlooking the company’s “unique” shareholder value, investment banking firm Benchmark said in a research report on Friday.",https://www.coindesk.com/markets/2024/10/18/microstrategys-nav-premium-shouldnt-be-feared-says-benchmark-raising-price-target-to-245/,https://www.coindesk.com/resizer/NbxGZDFdlC9G2kuNWYyAdmvVEVg=/1200x628/center/middle/cloudfront-us-east-1.images.arcpublishing.com/coindesk/H4NCXNY4VBBEZN4CNHK4APOVFI.jpg,2024-10-18T15:26:29Z,"Please note that ourprivacy policy,terms of use,cookies, anddo not sell my personal informationhave been updated.
CoinDesk is anaward-winningmedia outlet that covers the cryptocurrency industry. Its… [+457 chars]",,CoinDesk,2024-10-20 14:44:15.540950
"Andy Baehr, Sarah Morton",Crypto for Advisors: Bitcoin’s Price,Bitcoin began to gain wider attention in the October 2023 rally when it became more clear that so-called “spot” ETFs would be approved and launched soon. The launch of 11 ETFs on Jan. 11 was a milestone for the digital asset world and broke ETF records.,https://www.coindesk.com/opinion/2024/10/17/crypto-for-advisors-bitcoins-price/,https://www.coindesk.com/resizer/nyh7T1ykDzAutqu4TwFiZvy-XDc=/1200x628/center/middle/cloudfront-us-east-1.images.arcpublishing.com/coindesk/IIUY2QWS5FARXK3W4QEPEKGHTI.jpg,2024-10-17T15:00:00Z,"As the U.S. election looms, more macroeconomic data comes in to contour expectations for the Feds pace of easing, and other factors such as geo-political events in the Middle East jolt markets, folks… [+751 chars]",,CoinDesk,2024-10-20 14:44:15.540950
Shaurya Malwa,Four Reasons Elon Musk’s Tesla May Have Moved $760M of Bitcoin,"The electric carmaker moved its stash of BTC to new wallets earlier this week, sparking speculation on why it may have done so.",https://www.coindesk.com/markets/2024/10/17/four-reasons-elon-musks-tesla-may-have-moved-760m-of-bitcoin/,https://www.coindesk.com/resizer/OuLTt23TPKxZGR0Q5G3E5xS-qfU=/1200x628/center/middle/cloudfront-us-east-1.images.arcpublishing.com/coindesk/DHPGNM2PWFEODIOZUX2QZ3VGCU.jpeg,2024-10-17T13:47:25Z,"Please note that ourprivacy policy,terms of use,cookies, anddo not sell my personal informationhave been updated.
CoinDesk is anaward-winningmedia outlet that covers the cryptocurrency industry. Its… [+457 chars]",,CoinDesk,2024-10-20 14:44:15.540950
Will Canny,U.S.-Listed Bitcoin Miners Hit Record 29% of Network Hashrate in October: JPMorgan,"The network hashrate has risen 4% so far this month, while the hashprice is up less than 1%, the report said.",https://www.coindesk.com/markets/2024/10/16/us-listed-bitcoin-miners-hit-record-29-of-network-hashrate-in-october-jpmorgan/,https://www.coindesk.com/resizer/E475nhNdf7VLO2frKpe8G05tfgg=/1200x628/center/middle/cloudfront-us-east-1.images.arcpublishing.com/coindesk/4V3PLAJWKND5ZJLKFCDRGFKAHA.jpg,2024-10-16T13:11:19Z,"Please note that ourprivacy policy,terms of use,cookies, anddo not sell my personal informationhave been updated.
CoinDesk is anaward-winningmedia outlet that covers the cryptocurrency industry. Its… [+457 chars]",,CoinDesk,2024-10-20 14:44:15.540950
Stephen Alpher,"Bitcoin Jumps to Just Shy of $68K, Highest Since Late July","Digital assets are finally beginning to pay attention to not just the growing chance of a Trump victory in November, but also a GOP sweep, said Standard Chartered's Geoff Kendrick.",https://www.coindesk.com/markets/2024/10/15/bitcoin-jumps-just-shy-of-68k-highest-since-late-july/,https://www.coindesk.com/resizer/qYrFgwCQ9hEiqojDAK4HWw_S1Po=/1200x628/center/middle/cloudfront-us-east-1.images.arcpublishing.com/coindesk/FYE434VEU5A3TCSOOA3L33Y2K4.png,2024-10-15T14:21:44Z,"Please note that ourprivacy policy,terms of use,cookies, anddo not sell my personal informationhave been updated.
CoinDesk is anaward-winningmedia outlet that covers the cryptocurrency industry. Its… [+457 chars]",,CoinDesk,2024-10-20 14:44:15.540950
"Shaurya Malwa, Sam Reynolds",Bitcoin Demand Surges in Bullish Catalyst That May Drive BTC Price to $70K,"Technical indicators point to a price surge, and Polymarket bettors have their money on BTC passing $70K this month.",https://www.coindesk.com/markets/2024/10/17/bitcoin-demand-surges-in-bullish-catalyst-that-may-drive-btc-price-to-70k/,https://www.coindesk.com/resizer/QBFCzOXvOC39R8TW5DfqE00zOhQ=/1200x628/center/middle/cloudfront-us-east-1.images.arcpublishing.com/coindesk/3JWI3MG7X5FOFIPKSBOBZTMGXE.jpg,2024-10-17T06:09:22Z,"Please note that ourprivacy policy,terms of use,cookies, anddo not sell my personal informationhave been updated.
CoinDesk is anaward-winningmedia outlet that covers the cryptocurrency industry. Its… [+457 chars]",,CoinDesk,2024-10-20 14:44:15.540950
Danny Nelson,FBI Arrests Alleged SEC Hacker Linked to Fake Tweet Saying Bitcoin ETFs Were Approved,"Eric Council Jr. allegedly hijacked the SEC's X account and then handed control to unnamed co-conspirators, whose fake post drove up bitcoin's price.",https://www.coindesk.com/policy/2024/10/17/fbi-arrests-alleged-sec-hacker-linked-to-fake-tweet-saying-bitcoin-etfs-were-approved/,https://www.coindesk.com/resizer/vE-3wwCc_9W7KbshCTLgaSrlmbU=/1200x628/center/middle/cloudfront-us-east-1.images.arcpublishing.com/coindesk/HYKPBAVTVREPTIUPEROLL65EXY.JPG,2024-10-17T16:21:03Z,"Please note that ourprivacy policy,terms of use,cookies, anddo not sell my personal informationhave been updated.
CoinDesk is anaward-winningmedia outlet that covers the cryptocurrency industry. Its… [+457 chars]",,CoinDesk,2024-10-20 14:44:15.540950
Omkar Godbole,"Asian Private Wealth Managers Embrace Crypto, Some Foresee Bitcoin at $100K By Year-End","Digital assets have emerged as an alternative investment class for private wealth in Asia, with 76% of family offices and high-net-worth individuals investing in cryptocurrencies versus 58% in 2022.",https://www.coindesk.com/markets/2024/10/17/asian-private-wealth-managers-embrace-crypto-some-foresee-bitcoin-at-100k-by-year-end/,https://www.coindesk.com/resizer/92xDaYF48AlK0FXYCFQvw3F8HMc=/1200x628/center/middle/cloudfront-us-east-1.images.arcpublishing.com/coindesk/KIKOUSLBZRFFDDENPHLWZVW6IM.jpg,2024-10-17T06:32:50Z,"Please note that ourprivacy policy,terms of use,cookies, anddo not sell my personal informationhave been updated.
CoinDesk is anaward-winningmedia outlet that covers the cryptocurrency industry. Its… [+457 chars]",,CoinDesk,2024-10-20 14:44:15.540950
"James Van Straten, Helene Braun",History Suggests Crypto’s Bullish Momentum Should Continue Into the U.S. Election and Afterwards,"With less than three weeks until the U.S. presidential election, traders are positioning themselves for what’s to come after Nov. 5 and how a new administration will respond to factors affecting financial markets, including crypto.",https://www.coindesk.com/news-analysis/2024/10/16/history-suggests-cryptos-bullish-momentum-should-continue-into-the-us-election-and-afterwards/,https://www.coindesk.com/resizer/jTs831baVrd5WcuiKJKMmC8JgLU=/1200x628/center/middle/cloudfront-us-east-1.images.arcpublishing.com/coindesk/D7MI4WSZLBBVDIREJEG3GAXF6U.jpg,2024-10-16T16:39:54Z,"Using an implied performance against a theoretical value, ETC Group found bitcoin could move up to 10% in either direction based on the election. Given the current spot price just shy of $68,000, a 1… [+840 chars]",,CoinDesk,2024-10-20 14:44:15.540950
Omkar Godbole,Coinbase Says Bitcoin Liquidity on Exchange Unfazed After SEC's Lawsuit Against Cumberland,Paris-based Kaiko pointed to a notable drop in 2% BTC market depth on Coinbase in a report early this week.,https://www.coindesk.com/markets/2024/10/17/coinbase-says-bitcoin-liquidity-on-exchange-unfazed-after-secs-lawsuit-against-cumberland/,https://www.coindesk.com/resizer/5DKBTdvQNhim4niVBC2FlHlojTI=/1200x628/center/middle/cloudfront-us-east-1.images.arcpublishing.com/coindesk/54BP4UOSBRFB7F7PBUYPMJHRQE.jpg,2024-10-17T09:26:02Z,"Please note that ourprivacy policy,terms of use,cookies, anddo not sell my personal informationhave been updated.
CoinDesk is anaward-winningmedia outlet that covers the cryptocurrency industry. Its… [+457 chars]",,CoinDesk,2024-10-20 14:44:15.540950
Bradley Keoun,"Protocol Village: Conduit Launches New G2 Sequencer, Claiming 10x Improvement Over Existing Versions","The latest in blockchain tech upgrades, funding announcements and deals. For the period of Oct. 17-23.",https://www.coindesk.com/tech/2024/10/16/protocol-village/,https://www.coindesk.com/resizer/-K8yQM3cjwQQzIaRSAnWWk7hT3o=/1200x628/center/middle/cloudfront-us-east-1.images.arcpublishing.com/coindesk/TD63KGNZYVBFXGZY7KH7MDAHLY.jpeg,2024-10-16T22:02:00Z,"On-chain computing company Conduit has launched the new G2 Sequencer
, describing it as a ""10x more powerful sequencer than existing versions for rollup frameworks, providing 100x the computing of E… [+1973 chars]",,CoinDesk,2024-10-20 14:44:15.540950
James Van Straten,"Bitcoin Isn't at a Record Like Gold and S&P 500, but an Overlooked Catalyst Suggests a Coming Change","The downtrend in the yen has resumed in strong fashion, a good sign for risk assets, crypto among them.",https://www.coindesk.com/markets/2024/10/18/bitcoin-isnt-at-a-record-like-gold-and-sp-500-but-an-overlooked-catalyst-suggests-a-coming-change/,https://www.coindesk.com/resizer/p8TkcS7Qyocxe-BnVT8OXvWErwY=/1200x628/center/middle/cloudfront-us-east-1.images.arcpublishing.com/coindesk/YZQ7PWWAMFG7VDKCUOTY7IQGLU.jpg,2024-10-18T15:10:01Z,"Please note that ourprivacy policy,terms of use,cookies, anddo not sell my personal informationhave been updated.
CoinDesk is anaward-winningmedia outlet that covers the cryptocurrency industry. Its… [+457 chars]",,CoinDesk,2024-10-20 14:44:15.540950
TipRanks,Marathon Digital and HIVE: Analysts Choose the Best Bitcoin-Centric Stocks to Buy,Rising geopolitical tensions and increasing fears of potential disasters have sparked greater interest in what are called ‘debasement trades.’ While one...,https://finance.yahoo.com/news/marathon-digital-hive-analysts-choose-100429229.html,https://media.zenfs.com/en/tipranks_452/de98d96430136390048aa8341e485279,2024-10-17T10:04:29Z,"Rising geopolitical tensions and increasing fears of potential disasters have sparked greater interest in what are called debasement trades.
While one immediate beneficiary is gold, as a commodity a… [+7475 chars]",,Yahoo Entertainment,2024-10-20 14:44:15.540950
Jeff Benjamin,Betterment Tells Clients: Shift Crypto Holdings to ETFs,The New York-based robo platform is closing direct crypto in favor of lower-cost ETFs.,http://www.etf.com/sections/news/betterment-tells-clients-shift-crypto-holdings-etfs?utm_source=yahoo-finance&amp;utm_medium=rss&amp;utm_campaign=yahoo-finance-rss,https://s.yimg.com/ny/api/res/1.2/lRkvs_IgvfpbF74czff0sg--/YXBwaWQ9aGlnaGxhbmRlcjt3PTEyMDA7aD04MDA-/https://media.zenfs.com/en/indexuniverse.com/001106c5f5bb7229793322da5d588690,2024-10-18T19:39:27Z,"Robo-advisor Betterment has told investors using its direct cryptocurrency investing service that they have a month to convert those investments into ETFs.
The decision to shutter the two-year-old c… [+2897 chars]",,Etf.com,2024-10-20 14:44:15.540950
,"Plusvalenze da Bitcoin in Italia, la ritenuta sale dal 26 al 42%: il Fisco cerca di fare cassa","Il viceministro dell'Economia, Maurizio Leo, ha dichiarato in conferenza stampa che il governo è pronto ad alzare la ritenuta sulle plusvalenze da Bitcoin - ma probabilmente s'intendono tutte le criptovalute - dal 26 al 42%.",https://www.hwupgrade.it/news/web/plusvalenze-da-bitcoin-in-italia-la-ritenuta-sale-dal-26-al-42-il-fisco-cerca-di-fare-cassa_131887.html,https://www.hwupgrade.it/i/n/bitcoin_big_720.jpg,2024-10-16T12:41:01Z,"Durante la conferenza stampa che ha delineato i tratti della manovra di bilancio 2025 dello Stato, il viceministro dell'Economia, Maurizio Leo, ha dichiarato che al fine di recuperare risorse per le … [+1237 chars]",,Hwupgrade.it,2024-10-20 14:44:15.540950
John Amato,Downtrodden Stuart Varney Unenthusiastic About Stock Market Highs,"Fox Business host Stuart Varney couldn't muster up any enthusiasm whatsoever for the rising stock markets and after briefly giving a review of the major sectors quickly went to JD Vance and others to spew negativity. 
He did this throughout his program.
VARNE…",https://crooksandliars.com/2024/10/downtrodden-stuart-varney-unenthusiastic,https://crooksandliars.com/files/mediaposters/2024/10/55865.jpg,2024-10-15T16:34:50Z,Fox Business host Stuart Varney couldn't muster up any enthusiasm whatsoever for the rising stock markets and after briefly giving a review of the major sectors quickly went to JD Vance and others to… [+2046 chars],,Crooksandliars.com,2024-10-20 14:44:15.540950
Shawn Knight,Man who threw away $500M Bitcoin hard drive sues city for right to search landfill,"Howells eventually realized what he'd done, but it was too late. His bag of trash from that day is believed to be at the local landfill, and is likely buried under several feet of garbage. Attempts to gain access to the landfill to excavate the missing drive …",https://www.techspot.com/news/105182-man-who-threw-away-500m-bitcoin-hard-drive.html,https://www.techspot.com/images2/news/bigimage/2024/10/2024-10-17-image-14.jpg,2024-10-17T16:48:00Z,"Recap: Desperate times call for desperate measures and with more than half a billion dollars potentially at stake, times are certainly desperate for one British man. Back in 2013, computer engineer J… [+1768 chars]",,TechSpot,2024-10-20 14:44:15.540950
"Dan Mangan, CNBC","Historic bitcoin theft tied to Connecticut kidnapping, luxury cars, $500K bar bills","Two young men accused of committing one of the largest person-to-person crypto thefts in U.S. history went on a brazen spending spree that included buying exotic cars, a $2 million wristwatch, renting mansions and running up nightclub tabs of hundreds of thou…",https://www.nbcnews.com/business/historic-bitcoin-theft-tied-connecticut-kidnapping-luxury-cars-500k-ba-rcna175997,"https://media-cldnry.s-nbcnews.com/image/upload/t_nbcnews-fp-1200-630,f_auto,q_auto:best/rockcms/2024-08/240830-bitcoin-ew-1135a-b17ed0.jpg",2024-10-17T19:18:28Z,"Two young men accused of committing one of the largest person-to-person crypto thefts in U.S. history went on a brazen spending spree that included buying exotic cars, a $2 million wristwatch, rentin… [+11919 chars]",nbc-news,NBC News,2024-10-20 14:44:15.540950
James Coker,US Arrest Man for SEC X Account Hack,"US authorities have charged a man for involvement in the SEC X account hack in January 2024, which falsely announced the approval of Bitcoin Exchange Traded Funds",https://www.infosecurity-magazine.com/news/us-arrest-sec-x-account-hack/,https://assets.infosecurity-magazine.com/webpage/og/11fc766f-e63f-4c17-9a6e-dc896500b390.jpg,2024-10-18T09:10:00Z,"A man has been arrested on charges related to the hack of the US Securities and Exchange Commission (SEC)’s X (formerly Twitter) account in January 2024, which resulted in a Bitcoin price spike.
The… [+2421 chars]",,Infosecurity Magazine,2024-10-20 14:44:15.540950
Alejandro Sánchez,Telefónica lanza con Bit2Me una app para la compra y venta de criptomonedas,"Telefónica da un paso más en su apuesta por los activos digitales con el lanzamiento de TU Wallet, una aplicación operada por Bit2Me que ""permite la compra, venta, envío y pago con criptomonedas de forma accesible y segura"". Leer",https://www.expansion.com/mercados/criptomonedas/2024/10/17/67110eb2e5fdeaf46b8b4585.html,https://phantom-expansion.unidadeditorial.es/786b04fe10732b423e7e09f454368720/crop/78x0/2006x1285/resize/1200/f/webp/assets/multimedia/imagenes/2024/07/18/17212908867735.jpg,2024-10-17T14:02:38Z,"Monedas de bitcoin con gráficos de cotización de fondoDREAMSTIMEEXPANSION
Telefónica da un paso más en su apuesta por los activos digitales con el lanzamiento de TU Wallet, una aplicación operada po… [+548 chars]",,Expansion.com,2024-10-20 14:44:15.540950
Zeljka Zorz,"Arrested: USDoD, Anonymous Sudan, SEC X account hacker","Law enforcement agencies have arrested suspects involved in cyber attacks claimed by USDoD and Anonymous Sudan, as well as a person involved in the hacking of SEC’s X (Twitter) account. USDoD On Wednesday, the Brazilian federal police (Policia Federal) arrest…",https://www.helpnetsecurity.com/2024/10/18/usdod-anonymous-sudan-arrested/,https://img.helpnetsecurity.com/wp-content/uploads/2024/10/02113542/arrest.webp,2024-10-18T09:09:30Z,"Law enforcement agencies have arrested suspects involved in cyber attacks claimed by USDoD and Anonymous Sudan, as well as a person involved in the hacking of SEC’s X (Twitter) account.
USDoD
On We… [+3542 chars]",,Help Net Security,2024-10-20 14:44:15.540950
Kevin T. Dugan,Trump’s Scammy Crypto Company Is Already a Disaster,"Trump has recently sold sneakers, NFTs, and a meme-stock company, but the gimmick market may be drying up for his crypto company, World Liberty Financial.",http://nymag.com/intelligencer/article/trumps-crypto-company-world-liberty-financial-is-a-disaster.html,https://pyxis.nymag.com/v1/imgs/0f9/e98/956990861f389fdb092e59a31777da6fd6-trump-crypto.1x.rsocial.w1200.jpg,2024-10-16T18:18:18Z,"It has hardly been a month since presidential candidate Donald Trump started hawking digital tokens in something called World Liberty Financial, a loosely defined lending business that mimicked some … [+4143 chars]",new-york-magazine,New York Magazine,2024-10-20 14:44:15.540950
Rida Fatima,Metaplanet Shares Surge 15.7% After $6.7 Million Bitcoin Purchase,"Metaplanet’s stock price skyrocketed by 15.7% after it announced its latest Bitcoin acquisition. According to a statement, the Japanese investment firm bought nearly 107 Bitcoin. Following the latest purchase, Metaplanet now owns 855.5...
The post Metaplanet …",https://techreport.com/crypto-news/metaplanet-shares-surge-15-7-after-6-7-million-bitcoin-purchase/,https://techreport.com/wp-content/uploads/2024/03/WFOX6YNCDJIPFOCR2YQ2OUC5GY-scaled.jpg?_t=1729049171,2024-10-16T03:25:53Z,"Metaplanets stock price skyrocketed by 15.7% after it announced its latest Bitcoin acquisition. According to a statement, the Japanese investment firm bought nearly 107 Bitcoin. Following the latest … [+2849 chars]",,Techreport.com,2024-10-20 14:44:15.540950
Rida Fatima,"Peter Brandt Sees Bitcoin Leading Stock Markets, Reveals Key Breakout Zone","Veteran trader Peter Brandt recently identified a critical price level Bitcoin must surpass to break free from its current range.  In a recent X post, Brandt noted that Bitcoin is...
The post Peter Brandt Sees Bitcoin Leading Stock Markets, Reveals Key Breako…",https://techreport.com/crypto-news/peter-brandt-sees-bitcoin-leading-stock-markets-reveals-key-breakout-zone/,https://techreport.com/wp-content/uploads/2024/01/pexels-pixabay-315788-scaled-3-1-scaled.webp?_t=1729049738,2024-10-16T03:35:35Z,"Veteran trader Peter Brandt recently identified a critical price level Bitcoin must surpass to break free from its current range. 
In a recent X post, Brandt noted that Bitcoin is nearing a critical… [+4517 chars]",,Techreport.com,2024-10-20 14:44:15.540950
Rida Fatima,"Bitcoin BTC’s Market Share Reaches Highest Level Since 2021, While Altcoins Falter","Bitcoin’s (BTC) market dominance hit a 3.5-year high, nearing 60%, as altcoins failed to match its momentum. As Bitcoin’s price rose sharply, the rest of the crypto market mostly stayed flat...
The post Bitcoin BTC’s Market Share Reaches Highest Level Since 2…",https://techreport.com/crypto-news/bitcoin-btcs-market-share-reaches-highest-level-since-2021-while-altcoins-falter/,https://techreport.com/wp-content/uploads/2024/06/cryptocurrency-3424781_1280.jpg?_t=1729136206,2024-10-17T03:36:42Z,"Bitcoins (BTC) market dominance hit a 3.5-year high, nearing 60%, as altcoins failed to match its momentum. As Bitcoins price rose sharply, the rest of the crypto market mostly stayed flat or decline… [+4520 chars]",,Techreport.com,2024-10-20 14:44:15.540950
Alex Popa,Tesla Moved $769M Bitcoins – Is the 4th Largest $BTC Holder Selling?,"Eleven hours ago, Tesla moved 11,508.992 Bitcoins (worth $769M) to unidentified wallets. Now, only $8.06 worth of $BTC is left in Tesla’s wallet. What prompted the company to do this?...
The post Tesla Moved $769M Bitcoins – Is the 4th Largest $BTC Holder Sel…",https://techreport.com/crypto-news/tesla-moved-769-million-bitcoins/,https://techreport.com/wp-content/uploads/2024/10/tesla-moved-769-million-bitcoins.jpg?_t=1729071025,2024-10-16T09:30:24Z,<ul><li> Tesla just sent nearly all its Bitcoins (valued at $769M) to unknown wallets in 26 transactions. Is a sellout coming?</li><li> The company bought $1.5B worth of Bitcoins in 2021 and sold 75%… [+2745 chars],,Techreport.com,2024-10-20 14:44:15.540950
Rida Fatima,Stablecoin Use Drops on US Exchanges as Global Platforms See Surge in 2024,"The United States has witnessed increased demand for Bitcoin since the launch of spot BTC ETFs in January. These financial products attracted significant interest from investors. However, a recent report...
The post Stablecoin Use Drops on US Exchanges as Glo…",https://techreport.com/crypto-news/stablecoin-use-drops-on-us-exchanges-as-global-platforms-see-surge-in-2024/,https://techreport.com/wp-content/uploads/2023/08/stablecoin-overview-banner.jpg?_t=1729213471,2024-10-18T00:59:30Z,"The United States has witnessed increased demand for Bitcoin since the launch of spot BTC ETFs in January. These financial products attracted significant interest from investors.
However, a recent r… [+3411 chars]",,Techreport.com,2024-10-20 14:44:15.540950
Rida Fatima,Analyst Predicts ETH/BTC Bottom in Q4 as Ethereum Faces Short-Term Weakness,"These past days have been bullish for the cryptocurrency market, with prices hitting new levels. Ethereum ETH’s price surged from $2,300 to almost breaking the $2,700 resistance level before pulling...
The post Analyst Predicts ETH/BTC Bottom in Q4 as Ethereu…",https://techreport.com/crypto-news/analyst-predicts-eth-btc-bottom-in-q4-as-ethereum-faces-short-term-weakness/,https://techreport.com/wp-content/uploads/2024/10/0_3-55.png,2024-10-18T03:58:32Z,"These past days have been bullish for the cryptocurrency market, with prices hitting new levels. Ethereum ETHs price surged from $2,300 to almost breaking the $2,700 resistance level before pulling b… [+3489 chars]",,Techreport.com,2024-10-20 14:44:15.540950
